full_name,age,gender,party,constituency,election_year,result,votes_received,total_votes,vote_percentage,winning_margin,education,profession,total_assets,total_liabilities,criminal_cases_count,affidavit_link,source_url,scraped_timestamp
CHANDHIRAKUMAR. V.C,57,Male,DMK,ERODE EAST : BYE ELECTION ON 05-02-2025 (ERODE),tamilnadu2021,Won,0,0,0.0,0,,Real Estate Agent,0,0,0,,https://www.myneta.info/tamilnadu2021/candidate.php?candidate_id=4388,2026-02-22 12:46:51.904671
E.V.K.S.ELANGOVAN,74,Male,INC,ERODE EAST : BYE ELECTION ON 27-02-2023 (ERODE),tamilnadu2021,Won,0,0,0.0,0,,House Wife,0,0,0,,https://www.myneta.info/tamilnadu2021/candidate.php?candidate_id=4331,2026-02-22 12:46:55.568696
ANNIYUR SIVA ALIAS SIVASHANMUGAM. A,53,Male,DMK,VIKRAVANDI : BYE ELECTION ON 10-07-2024 (VILLUPPURAM),tamilnadu2021,Won,0,0,0.0,0,,"Agriculturist, Partner, Hari Construction, Proprietor, Sri Hari Agencies",0,0,0,,https://www.myneta.info/tamilnadu2021/candidate.php?candidate_id=4359,2026-02-22 12:46:59.192016
THARAHAI CUTHBERT,49,Male,INC,VILAVANCODE : BYE ELECTION ON 19-04-2024 (KANNIYAKUMARI),tamilnadu2021,Won,0,0,0.0,0,,Not Applicable,0,0,0,,https://www.myneta.info/tamilnadu2021/candidate.php?candidate_id=4349,2026-02-22 12:47:02.428694
SIVA.V.MEYYANATHAN,52,Male,DMK,ALANGUDI (PUDUKKOTTAI),tamilnadu2021,Won,0,0,0.0,0,,"Agriculture, Union Member, 3rd Ward Aranthangi Karachi union",0,0,29,,https://www.myneta.info/tamilnadu2021/candidate.php?candidate_id=1827,2026-02-22 12:47:05.785915
PAUL MANOJ PANDIAN,49,Male,AIADMK,ALANGULAM (TENKASI),tamilnadu2021,Won,0,0,0.0,0,,Manager in Private Concern,0,0,3,,https://www.myneta.info/tamilnadu2021/candidate.php?candidate_id=293,2026-02-22 12:47:09.686152
E.SUBAYA,56,Male,AIADMK,AMBASAMUDRAM (TIRUNELVELI),tamilnadu2021,Won,0,0,0.0,0,,Doctor(Siddha) & Business,0,0,0,,https://www.myneta.info/tamilnadu2021/candidate.php?candidate_id=349,2026-02-22 12:47:13.632343
JOSEPH SAMUEL,58,Male,DMK,AMBATTUR (THIRUVALLUR),tamilnadu2021,Won,0,0,0.0,0,,NIL,0,0,1,,https://www.myneta.info/tamilnadu2021/candidate.php?candidate_id=1828,2026-02-22 12:47:16.947530
VILWANATHAN.A.C,61,Male,DMK,AMBUR (TIRUPATHUR),tamilnadu2021,Won,0,0,0.0,0,,HOUSE WIFE,0,0,0,,https://www.myneta.info/tamilnadu2021/candidate.php?candidate_id=352,2026-02-22 12:47:20.223569
A.P.NANDAKUMAR,52,Male,DMK,ANAIKATTU (VELLORE),tamilnadu2021,Won,0,0,0.0,0,,Housewife,0,0,10,,https://www.myneta.info/tamilnadu2021/candidate.php?candidate_id=246,2026-02-22 12:47:24.138693
A.MAHARAJAN,67,Male,DMK,ANDIPATTI (THENI),tamilnadu2021,Won,0,0,0.0,0,,Agriculture and busines,0,0,4,,https://www.myneta.info/tamilnadu2021/candidate.php?candidate_id=787,2026-02-22 12:47:27.961032
M.K. MOHAN,68,Male,DMK,ANNA NAGAR (CHENNAI),tamilnadu2021,Won,0,0,0.0,0,,Business,0,0,4,,https://www.myneta.info/tamilnadu2021/candidate.php?candidate_id=297,2026-02-22 12:47:32.607365
VENKATACHALAM.A.G,61,Male,DMK,ANTHIYUR (ERODE),tamilnadu2021,Won,0,0,0.0,0,,Housewife,0,0,9,,https://www.myneta.info/tamilnadu2021/candidate.php?candidate_id=801,2026-02-22 12:47:36.200299
S.RAVI,57,Male,AIADMK,ARAKKONAM (SC) (RANIPET),tamilnadu2021,Won,0,0,0.0,0,,Gas Supplier (Business),0,0,0,,https://www.myneta.info/tamilnadu2021/candidate.php?candidate_id=267,2026-02-22 12:47:39.694463
S.RAMACHANDRAN,63,Male,AIADMK,ARANI (TIRUVANNAMALAI),tamilnadu2021,Won,0,0,0.0,0,,Paddy Business,0,0,0,,https://www.myneta.info/tamilnadu2021/candidate.php?candidate_id=299,2026-02-22 12:47:43.265800
RAMACHANDRAN T,40,Male,INC,ARANTHANGI (PUDUKKOTTAI),tamilnadu2021,Won,0,0,0.0,0,,House wife,0,0,0,,https://www.myneta.info/tamilnadu2021/candidate.php?candidate_id=3295,2026-02-22 12:47:46.477508
ELANGO. R,50,Male,DMK,ARAVAKURICHI (KARUR),tamilnadu2021,Won,0,0,0.0,0,,Housewife,0,0,3,,https://www.myneta.info/tamilnadu2021/candidate.php?candidate_id=817,2026-02-22 12:47:49.709265
J.L.ESWARAPPAN,42,Male,DMK,ARCOT (RANIPET),tamilnadu2021,Won,0,0,0.0,0,,Cattle Feed Whole Sale Buisness,0,0,0,,https://www.myneta.info/tamilnadu2021/candidate.php?candidate_id=819,2026-02-22 12:47:52.927695
CHINNAPPA K,73,Male,DMK,ARIYALUR (ARIYALUR),tamilnadu2021,Won,0,0,0.0,0,,Housewife,0,0,4,,https://www.myneta.info/tamilnadu2021/candidate.php?candidate_id=824,2026-02-22 12:47:56.455783
K.K.S.S.R.RAMACHANDRAN,71,Male,DMK,ARUPPUKOTTAI (VIRUDHUNAGAR),tamilnadu2021,Won,0,0,0.0,0,,Business,0,0,9,,https://www.myneta.info/tamilnadu2021/candidate.php?candidate_id=306,2026-02-22 12:47:59.952389
PERIYASAMY I,67,Male,DMK,ATHOOR (DINDIGUL),tamilnadu2021,Won,0,0,0.0,0,,House Wife,0,0,12,,https://www.myneta.info/tamilnadu2021/candidate.php?candidate_id=365,2026-02-22 12:48:03.475029
A P JAYASANKARAN,50,Male,AIADMK,ATTUR (SC) (SALEM),tamilnadu2021,Won,0,0,0.0,0,,Housewife,0,0,0,,https://www.myneta.info/tamilnadu2021/candidate.php?candidate_id=67,2026-02-22 12:48:06.692532
NASAR S M,61,Male,DMK,AVADI (THIRUVALLUR),tamilnadu2021,Won,0,0,0.0,0,,Business,0,0,29,,https://www.myneta.info/tamilnadu2021/candidate.php?candidate_id=367,2026-02-22 12:48:09.919351
"DHANAPAL, P",69,Male,AIADMK,AVANASHI (SC) (TIRUPPUR),tamilnadu2021,Won,0,0,0.0,0,,Owner - Sri Balaji Agency,0,0,0,,https://www.myneta.info/tamilnadu2021/candidate.php?candidate_id=68,2026-02-22 12:48:13.136230
MATHIAZHAGAN D,54,Male,DMK,BARGUR (KRISHNAGIRI),tamilnadu2021,Won,0,0,0.0,0,,Business,0,0,0,,https://www.myneta.info/tamilnadu2021/candidate.php?candidate_id=69,2026-02-22 12:48:21.525340
KARUPPANAN.K.C,64,Male,AIADMK,BHAVANI (ERODE),tamilnadu2021,Won,0,0,0.0,0,,Agriculture and Dairy Business,0,0,0,,https://www.myneta.info/tamilnadu2021/candidate.php?candidate_id=371,2026-02-22 12:48:25.651577
A.BANNARI,41,Male,AIADMK,BHAVANISAGAR (SC) (ERODE),tamilnadu2021,Won,0,0,0.0,0,,Housewife,0,0,0,,https://www.myneta.info/tamilnadu2021/candidate.php?candidate_id=876,2026-02-22 12:48:28.904595
ARUNMOZHITHEVAN. A,52,Male,AIADMK,BHUVANAGIRI (CUDDALORE),tamilnadu2021,Won,0,0,0.0,0,,House Wife,0,0,0,,https://www.myneta.info/tamilnadu2021/candidate.php?candidate_id=271,2026-02-22 12:48:32.529271
O.PANNEERSELVAM,71,Male,AIADMK,BODINAYAKKANUR (THENI),tamilnadu2021,Won,0,0,0.0,0,,Housewife,0,0,0,,https://www.myneta.info/tamilnadu2021/candidate.php?candidate_id=6,2026-02-22 12:48:35.887527
VARALAKSHMI.M,47,Male,DMK,CHENGALPATTU (CHENGALPATTU),tamilnadu2021,Won,0,0,0.0,0,,"Sole Proprietor - M/s Upshot Utility Services, Partner-M/s Mandater Facility Services, Director-M/s Kiwik Kitchen and Dorm Services Pvt. Ltd.",0,0,0,,https://www.myneta.info/tamilnadu2021/candidate.php?candidate_id=893,2026-02-22 12:48:39.799924
GIRI.M.P,46,Male,DMK,CHENGAM (SC) (TIRUVANNAMALAI),tamilnadu2021,Won,0,0,0.0,0,,Agriculture & Business,0,0,0,,https://www.myneta.info/tamilnadu2021/candidate.php?candidate_id=253,2026-02-22 12:48:43.132276
UDHAYANIDHI STALIN,43,Male,DMK,CHEPAUK-THIRUVALLIKENI (CHENNAI),tamilnadu2021,Won,0,0,0.0,0,,Private Sector Employee,0,0,22,,https://www.myneta.info/tamilnadu2021/candidate.php?candidate_id=256,2026-02-22 12:48:46.757749
JOTHI. O,50,Male,DMK,CHEYYAR (TIRUVANNAMALAI),tamilnadu2021,Won,0,0,0.0,0,,Agriculture,0,0,3,,https://www.myneta.info/tamilnadu2021/candidate.php?candidate_id=277,2026-02-22 12:48:50.031700
BABU M,44,Male,Viduthalai Chiruthaigal Katchi,CHEYYUR (SC) (CHENGALPATTU),tamilnadu2021,Won,0,0,0.0,0,,Cable Operator,0,0,0,,https://www.myneta.info/tamilnadu2021/candidate.php?candidate_id=928,2026-02-22 12:48:53.409904
K.A. PANDIAN,60,Male,AIADMK,CHIDAMBARAM (CUDDALORE),tamilnadu2021,Won,0,0,0.0,0,,"Union President Kumarachchi Panchayat Union, Cuddalore District",0,0,0,,https://www.myneta.info/tamilnadu2021/candidate.php?candidate_id=80,2026-02-22 12:48:57.619320
AMMAN K.ARJUNAN,63,Male,AIADMK,COIMBATORE NORTH (COIMBATORE),tamilnadu2021,Won,0,0,0.0,0,,Business Women,0,0,0,,https://www.myneta.info/tamilnadu2021/candidate.php?candidate_id=280,2026-02-22 12:49:02.998220
VANATHI SRINIVASAN,50,Male,BJP,COIMBATORE SOUTH (COIMBATORE),tamilnadu2021,Won,0,0,0.0,0,,Advocate,0,0,2,,https://www.myneta.info/tamilnadu2021/candidate.php?candidate_id=282,2026-02-22 12:49:11.807001
PRINCE J G,64,Male,INC,COLACHAL (KANNIYAKUMARI),tamilnadu2021,Won,0,0,0.0,0,,Housewife,0,0,73,,https://www.myneta.info/tamilnadu2021/candidate.php?candidate_id=956,2026-02-22 12:49:15.102435
"RAMACHANDRAN, K.",69,Male,DMK,COONOOR (THE NILGIRIS),tamilnadu2021,Won,0,0,0.0,0,,Agriculture & Business,0,0,3,,https://www.myneta.info/tamilnadu2021/candidate.php?candidate_id=284,2026-02-22 12:49:18.465533
G.IYAPPAN,63,Male,DMK,CUDDALORE (CUDDALORE),tamilnadu2021,Won,0,0,0.0,0,,"Rental Income, Money Lending",0,0,0,,https://www.myneta.info/tamilnadu2021/candidate.php?candidate_id=82,2026-02-22 12:49:21.715336
N.RAMAKRISHNAN,72,Male,DMK,CUMBUM (THENI),tamilnadu2021,Won,0,0,0.0,0,,Agriculture,0,0,7,,https://www.myneta.info/tamilnadu2021/candidate.php?candidate_id=285,2026-02-22 12:49:27.201918
KAYALVIZHI N,52,Male,DMK,DHARAPURAM (SC) (TIRUPPUR),tamilnadu2021,Won,0,0,0.0,0,,Lawyer,0,0,0,,https://www.myneta.info/tamilnadu2021/candidate.php?candidate_id=4053,2026-02-22 12:49:30.965013
VENKATESHWARAN.S.P.,54,Male,Pattali Makkal Katchi,DHARMAPURI (DHARMAPURI),tamilnadu2021,Won,0,0,0.0,0,,House Wife,0,0,4,,https://www.myneta.info/tamilnadu2021/candidate.php?candidate_id=998,2026-02-22 12:49:34.188740
SREENIVASAN.C,72,Male,AIADMK,DINDIGUL (DINDIGUL),tamilnadu2021,Won,0,0,0.0,0,,Housewife,0,0,0,,https://www.myneta.info/tamilnadu2021/candidate.php?candidate_id=10,2026-02-22 12:49:37.466765
EBENEZER. J.J. Alias JOHN EBENEZER.J,45,Male,DMK,DR.RADHAKRISHNAN NAGAR (CHENNAI),tamilnadu2021,Won,0,0,0.0,0,,House Wife,0,0,0,,https://www.myneta.info/tamilnadu2021/candidate.php?candidate_id=1013,2026-02-22 12:49:40.712602
PALANISWAMI K,67,Male,AIADMK,EDAPPADI (SALEM),tamilnadu2021,Won,0,0,0.0,0,,Agriculture & Business,0,0,0,,https://www.myneta.info/tamilnadu2021/candidate.php?candidate_id=88,2026-02-22 12:49:43.955769
I.PARANTHAMEN,44,Male,DMK,EGMORE (SC) (CHENNAI),tamilnadu2021,Won,0,0,0.0,0,,House Wife & Private Class Teacher,0,0,0,,https://www.myneta.info/tamilnadu2021/candidate.php?candidate_id=1025,2026-02-22 12:49:47.234212
"THIRUMAHAN EVERAA,E.",45,Male,INC,ERODE EAST (ERODE),tamilnadu2021,Won,0,0,0.0,0,,NA,0,0,0,,https://www.myneta.info/tamilnadu2021/candidate.php?candidate_id=1032,2026-02-22 12:49:50.467280
MUTHUSAMY S,71,Male,DMK,ERODE WEST (ERODE),tamilnadu2021,Won,0,0,0.0,0,,NIl,0,0,9,,https://www.myneta.info/tamilnadu2021/candidate.php?candidate_id=1040,2026-02-22 12:49:56.039291
M.CHINNADURAI,58,Male,CPI(M),GANDARVAKOTTAI (SC) (PUDUKKOTTAI),tamilnadu2021,Won,0,0,0.0,0,,Agriculture dily weages,0,0,0,,https://www.myneta.info/tamilnadu2021/candidate.php?candidate_id=1851,2026-02-22 12:49:59.784464
A.NALLATHAMBI,56,Male,AIADMK,GANGAVALLI (SC) (SALEM),tamilnadu2021,Won,0,0,0.0,0,,House Wife,0,0,0,,https://www.myneta.info/tamilnadu2021/candidate.php?candidate_id=409,2026-02-22 12:50:03.009968
MASTHAN K S,65,Male,DMK,GINGEE (VILLUPPURAM),tamilnadu2021,Won,0,0,0.0,0,,Rental income and interest income,0,0,29,,https://www.myneta.info/tamilnadu2021/candidate.php?candidate_id=413,2026-02-22 12:50:08.024844
SENGOTTAIYAN K.A,73,Male,AIADMK,GOBICHETTIPALAYAM (ERODE),tamilnadu2021,Won,0,0,0.0,0,,Agriculture,0,0,0,,https://www.myneta.info/tamilnadu2021/candidate.php?candidate_id=416,2026-02-22 12:50:11.262547
PON.JAYASEELAN,48,Male,AIADMK,GUDALUR (SC) (THE NILGIRIS),tamilnadu2021,Won,0,0,0.0,0,,Teacher,0,0,0,,https://www.myneta.info/tamilnadu2021/candidate.php?candidate_id=1075,2026-02-22 12:50:14.477466
AMALU.V,39,Male,DMK,GUDIYATTAM (SC) (VELLORE),tamilnadu2021,Won,0,0,0.0,0,,Agriculture,0,0,0,,https://www.myneta.info/tamilnadu2021/candidate.php?candidate_id=1852,2026-02-22 12:50:17.787936
GOVINDARAJAN T.J,60,Male,DMK,GUMMIDIPOONDI (THIRUVALLUR),tamilnadu2021,Won,0,0,0.0,0,,Housewife,0,0,0,,https://www.myneta.info/tamilnadu2021/candidate.php?candidate_id=1089,2026-02-22 12:50:21.132660
SEKARBABU. P.K,58,Male,DMK,HARBOUR (CHENNAI),tamilnadu2021,Won,0,0,0.0,0,,Real Estate and Consultant,0,0,25,,https://www.myneta.info/tamilnadu2021/candidate.php?candidate_id=422,2026-02-22 12:50:24.514644
SAMPATHKUMAR.V,46,Male,AIADMK,HARUR (SC) (DHARMAPURI),tamilnadu2021,Won,0,0,0.0,0,,Nutrition Organizer,0,0,0,,https://www.myneta.info/tamilnadu2021/candidate.php?candidate_id=93,2026-02-22 12:50:27.822416
PRAKAASH Y,56,Male,DMK,HOSUR (KRISHNAGIRI),tamilnadu2021,Won,0,0,0.0,0,,House Wife,0,0,0,,https://www.myneta.info/tamilnadu2021/candidate.php?candidate_id=432,2026-02-22 12:50:31.690988
KANNAN KA SO KA,43,Male,DMK,JAYANKONDAM (ARIYALUR),tamilnadu2021,Won,0,0,0.0,0,,Medical Profession (Doctor-BDS) and Member and Managing Trustee of Charitable Trust (S),0,0,21,,https://www.myneta.info/tamilnadu2021/candidate.php?candidate_id=1692,2026-02-22 12:50:35.063015
DEVARAJI.K.,64,Male,DMK,JOLARPET (TIRUPATHUR),tamilnadu2021,Won,0,0,0.0,0,,"HEADMASTER, GOVT. VELLAKUTTAI PRIMARY SCHOOL, VANIYAMBADI TALUK",0,0,3,,https://www.myneta.info/tamilnadu2021/candidate.php?candidate_id=1855,2026-02-22 12:50:38.435791
C.KRISHNAMURALI,38,Male,AIADMK,KADAYANALLUR (TENKASI),tamilnadu2021,Won,0,0,0.0,0,,Private Job,0,0,1,,https://www.myneta.info/tamilnadu2021/candidate.php?candidate_id=442,2026-02-22 12:50:42.056294
SARAVANAN.P.S.T,52,Male,DMK,KALASAPAKKAM (TIRUVANNAMALAI),tamilnadu2021,Won,0,0,0.0,0,,Agriculture,0,0,1,,https://www.myneta.info/tamilnadu2021/candidate.php?candidate_id=445,2026-02-22 12:50:46.216052
SENTHILKUMAR.M,43,Male,AIADMK,KALLAKURICHI (SC) (KALLAKURICHI),tamilnadu2021,Won,0,0,0.0,0,,Houseswife,0,0,0,,https://www.myneta.info/tamilnadu2021/candidate.php?candidate_id=450,2026-02-22 12:50:49.532819
C.V.M.P. EZHAILZRASAN,49,Male,DMK,KANCHEEPURAM (KANCHEEPURAM),tamilnadu2021,Won,0,0,0.0,0,,Housewife,0,0,5,,https://www.myneta.info/tamilnadu2021/candidate.php?candidate_id=453,2026-02-22 12:50:52.810192
SAMINATHAN.M.P,57,Male,DMK,KANGAYAM (TIRUPPUR),tamilnadu2021,Won,0,0,0.0,0,,Agriculture and Business,0,0,3,,https://www.myneta.info/tamilnadu2021/candidate.php?candidate_id=454,2026-02-22 12:50:56.806727
THALAVAI SUNDARAM N.,62,Male,AIADMK,KANNIYAKUMARI (KANNIYAKUMARI),tamilnadu2021,Won,0,0,0.0,0,,Not Applicable,0,0,1,,https://www.myneta.info/tamilnadu2021/candidate.php?candidate_id=77,2026-02-22 12:51:00.390448
S.MANGUDI,58,Male,INC,KARAIKUDI (SIVAGANGA),tamilnadu2021,Won,0,0,0.0,0,,Proprietor of SM Constructions,0,0,9,,https://www.myneta.info/tamilnadu2021/candidate.php?candidate_id=1211,2026-02-22 12:51:05.285934
SENTHILBALAJI V,45,Male,DMK,KARUR (KARUR),tamilnadu2021,Won,0,0,0.0,0,,Housewife,0,0,30,,https://www.myneta.info/tamilnadu2021/candidate.php?candidate_id=485,2026-02-22 12:51:08.959687
DURAIMURUGAN,83,Male,DMK,KATPADI (VELLORE),tamilnadu2021,Won,0,0,0.0,0,,Business,0,0,8,,https://www.myneta.info/tamilnadu2021/candidate.php?candidate_id=486,2026-02-22 12:51:12.500213
SINTHANAI SELVAN,55,Male,Viduthalai Chiruthaigal Katchi,KATTUMANNARKOIL (SC) (CUDDALORE),tamilnadu2021,Won,0,0,0.0,0,,House wife,0,0,1,,https://www.myneta.info/tamilnadu2021/candidate.php?candidate_id=1251,2026-02-22 12:51:15.844796
G.ARUNKUMAR,59,Male,AIADMK,KAVUNDAMPALAYAM (COIMBATORE),tamilnadu2021,Won,0,0,0.0,0,,Business,0,0,0,,https://www.myneta.info/tamilnadu2021/candidate.php?candidate_id=491,2026-02-22 12:51:19.232788
RAJESH KUMAR S,46,Male,INC,KILLIYOOR (KANNIYAKUMARI),tamilnadu2021,Won,0,0,0.0,0,,Business,0,0,52,,https://www.myneta.info/tamilnadu2021/candidate.php?candidate_id=1267,2026-02-22 12:51:22.820720
K.PITCHANDI,67,Male,DMK,KILPENNATHUR (TIRUVANNAMALAI),tamilnadu2021,Won,0,0,0.0,0,,Housewife,0,0,0,,https://www.myneta.info/tamilnadu2021/candidate.php?candidate_id=98,2026-02-22 12:51:26.094226
M.JAGAN MOORTHY,54,Male,AIADMK,KILVAITHINANKUPPAM (SC) (VELLORE),tamilnadu2021,Won,0,0,0.0,0,,Proprietor M/S Srimathy Enterprises,0,0,2,,https://www.myneta.info/tamilnadu2021/candidate.php?candidate_id=1279,2026-02-22 12:51:29.474937
NAGAIMAALI V P,65,Male,CPI(M),KILVELUR (NAGAPATTINAM),tamilnadu2021,Won,0,0,0.0,0,,House Wife,0,0,0,,https://www.myneta.info/tamilnadu2021/candidate.php?candidate_id=1282,2026-02-22 12:51:32.689356
DAMODARAN.S,69,Male,AIADMK,KINATHUKADAVU (COIMBATORE),tamilnadu2021,Won,0,0,0.0,0,,Housewife,0,0,0,,https://www.myneta.info/tamilnadu2021/candidate.php?candidate_id=1290,2026-02-22 12:51:36.186464
M.K. STALIN,68,Male,DMK,KOLATHUR (CHENNAI),tamilnadu2021,Won,0,0,0.0,0,,Director,0,0,47,,https://www.myneta.info/tamilnadu2021/candidate.php?candidate_id=504,2026-02-22 12:51:39.748636
KADAMBUR RAJU,61,Male,AIADMK,KOVILPATTI (THOOTHUKUDI),tamilnadu2021,Won,0,0,0.0,0,,LIC Agent & Petrol Pump owner,0,0,2,,https://www.myneta.info/tamilnadu2021/candidate.php?candidate_id=507,2026-02-22 12:51:43.061709
ASHOKKUMAR.K,68,Male,AIADMK,KRISHNAGIRI (KRISHNAGIRI),tamilnadu2021,Won,0,0,0.0,0,,Nil,0,0,0,,https://www.myneta.info/tamilnadu2021/candidate.php?candidate_id=102,2026-02-22 12:51:46.374570
SIVAGAMA SUNDARI.K,50,Male,DMK,KRISHNARAYAPURAM (SC) (KARUR),tamilnadu2021,Won,0,0,0.0,0,,Cooperative Audit Officer,0,0,0,,https://www.myneta.info/tamilnadu2021/candidate.php?candidate_id=1858,2026-02-22 12:51:51.414950
R.MANICKAM,61,Male,DMK,KULITHALAI (KARUR),tamilnadu2021,Won,0,0,0.0,0,,Agriculture,0,0,6,,https://www.myneta.info/tamilnadu2021/candidate.php?candidate_id=1350,2026-02-22 12:52:00.485962
THANGAMANI.P,60,Male,AIADMK,KUMARAPALAYAM (NAMAKKAL),tamilnadu2021,Won,0,0,0.0,0,,Textiles Business,0,0,0,,https://www.myneta.info/tamilnadu2021/candidate.php?candidate_id=105,2026-02-22 12:52:03.705244
"ANBALAGAN, G.",72,Male,DMK,KUMBAKONAM (THANJAVUR),tamilnadu2021,Won,0,0,0.0,0,,Housewife,0,0,6,,https://www.myneta.info/tamilnadu2021/candidate.php?candidate_id=106,2026-02-22 12:52:07.056535
"SIVASANKAR, S.S.",51,Male,DMK,KUNNAM (PERAMBALUR),tamilnadu2021,Won,0,0,0.0,0,,Medical Profession (Doctor),0,0,46,,https://www.myneta.info/tamilnadu2021/candidate.php?candidate_id=1395,2026-02-22 12:52:10.644189
M.R.K.PANNEERSELVAM,63,Male,DMK,KURINJIPADI (CUDDALORE),tamilnadu2021,Won,0,0,0.0,0,,"Transports Business, Farmer",0,0,12,,https://www.myneta.info/tamilnadu2021/candidate.php?candidate_id=516,2026-02-22 12:52:14.150864
A.SOUNDARAPANDIAN,56,Male,DMK,LALGUDI (TIRUCHIRAPPALLI),tamilnadu2021,Won,0,0,0.0,0,,Housewife,0,0,12,,https://www.myneta.info/tamilnadu2021/candidate.php?candidate_id=1406,2026-02-22 12:52:17.381484
C MAHENDRAN,49,Male,AIADMK,MADATHUKULAM (TIRUPPUR),tamilnadu2021,Won,0,0,0.0,0,,Business,0,0,0,,https://www.myneta.info/tamilnadu2021/candidate.php?candidate_id=75,2026-02-22 12:52:21.316940
SUDHARSANAM. S,62,Male,DMK,MADHAVARAM (THIRUVALLUR),tamilnadu2021,Won,0,0,0.0,0,,Housewife & Agriculturist,0,0,22,,https://www.myneta.info/tamilnadu2021/candidate.php?candidate_id=1427,2026-02-22 12:52:25.225754
GANAPATHY.K,61,Male,DMK,MADHURAVOYAL (THIRUVALLUR),tamilnadu2021,Won,0,0,0.0,0,,House Wife,0,0,0,,https://www.myneta.info/tamilnadu2021/candidate.php?candidate_id=533,2026-02-22 12:52:28.456999
PALANIVEL THIAGA RAJAN,55,Male,DMK,MADURAI CENTRAL (MADURAI),tamilnadu2021,Won,0,0,0.0,0,,Home wife,0,0,4,,https://www.myneta.info/tamilnadu2021/candidate.php?candidate_id=1436,2026-02-22 12:52:32.039892
MOORTHY P,62,Male,DMK,MADURAI EAST (MADURAI),tamilnadu2021,Won,0,0,0.0,0,,"Advocate, Agriculture",0,0,3,,https://www.myneta.info/tamilnadu2021/candidate.php?candidate_id=1443,2026-02-22 12:52:35.651563
THALAPATHI G,65,Male,DMK,MADURAI NORTH (MADURAI),tamilnadu2021,Won,0,0,0.0,0,,Engineering Contractor Work,0,0,12,,https://www.myneta.info/tamilnadu2021/candidate.php?candidate_id=527,2026-02-22 12:52:39.578740
BOOMINATHAN.M,61,Male,DMK,MADURAI SOUTH (MADURAI),tamilnadu2021,Won,0,0,0.0,0,,Former and Real Estate,0,0,2,,https://www.myneta.info/tamilnadu2021/candidate.php?candidate_id=1459,2026-02-22 12:52:43.161561
RAJU. K,68,Male,AIADMK,MADURAI WEST (MADURAI),tamilnadu2021,Won,0,0,0.0,0,,AGRICULTURE,0,0,1,,https://www.myneta.info/tamilnadu2021/candidate.php?candidate_id=110,2026-02-22 12:52:46.650234
MARAGATHAM. K,38,Male,AIADMK,MADURANTAKAM (SC) (CHENGALPATTU),tamilnadu2021,Won,0,0,0.0,0,,Business / OM Muruga Traders,0,0,0,,https://www.myneta.info/tamilnadu2021/candidate.php?candidate_id=530,2026-02-22 12:52:49.966470
SIVAKUMAR C,47,Male,Pattali Makkal Katchi,MAILAM (VILLUPPURAM),tamilnadu2021,Won,0,0,0.0,0,,House Wife,0,0,0,,https://www.myneta.info/tamilnadu2021/candidate.php?candidate_id=537,2026-02-22 12:52:53.238247
S.KATHIRAVAN,46,Male,DMK,MANACHANALLUR (TIRUCHIRAPPALLI),tamilnadu2021,Won,0,0,0.0,0,,Business,0,0,99,,https://www.myneta.info/tamilnadu2021/candidate.php?candidate_id=1521,2026-02-22 12:53:00.920843
TAMILARASI A.,44,Male,DMK,MANAMADURAI (SC) (SIVAGANGA),tamilnadu2021,Won,0,0,0.0,0,,Business,0,0,8,,https://www.myneta.info/tamilnadu2021/candidate.php?candidate_id=1540,2026-02-22 12:53:04.143170
ABDUL SAMAD P,52,Male,DMK,MANAPPARAI (TIRUCHIRAPPALLI),tamilnadu2021,Won,0,0,0.0,0,,House wife,0,0,1,,https://www.myneta.info/tamilnadu2021/candidate.php?candidate_id=1861,2026-02-22 12:53:07.352234
RAJAA T R B,44,Male,DMK,MANNARGUDI (THIRUVARUR),tamilnadu2021,Won,0,0,0.0,0,,Mining & Service Business,0,0,2,,https://www.myneta.info/tamilnadu2021/candidate.php?candidate_id=115,2026-02-22 12:53:10.882534
S RAJAKUMAR,52,Male,INC,MAYILADUTHURAI (NAGAPATTINAM),tamilnadu2021,Won,0,0,0.0,0,,Buisness,0,0,1,,https://www.myneta.info/tamilnadu2021/candidate.php?candidate_id=1862,2026-02-22 12:53:14.187145
PERIYAPULLAN P Alias SELVAM,49,Male,AIADMK,MELUR (MADURAI),tamilnadu2021,Won,0,0,0.0,0,,House Wife,0,0,0,,https://www.myneta.info/tamilnadu2021/candidate.php?candidate_id=547,2026-02-22 12:53:17.734915
SELVARAJ A K,62,Male,AIADMK,METTUPALAYAM (COIMBATORE),tamilnadu2021,Won,0,0,0.0,0,,Umarried,0,0,0,,https://www.myneta.info/tamilnadu2021/candidate.php?candidate_id=118,2026-02-22 12:53:20.981012
SADHASIVAM.S,54,Male,Pattali Makkal Katchi,METTUR (SALEM),tamilnadu2021,Won,0,0,0.0,0,,Self Employed,0,0,2,,https://www.myneta.info/tamilnadu2021/candidate.php?candidate_id=1877,2026-02-22 12:53:24.225979
SARASWATHI.C,76,Male,BJP,MODAKKURICHI (ERODE),tamilnadu2021,Won,0,0,0.0,0,,"Doctor, Company",0,0,0,,https://www.myneta.info/tamilnadu2021/candidate.php?candidate_id=1879,2026-02-22 12:53:27.720463
R.S.RAJAKANNAPPAN,72,Male,DMK,MUDUKULATHUR (RAMANATHAPURAM),tamilnadu2021,Won,0,0,0.0,0,,NIL,0,0,0,,https://www.myneta.info/tamilnadu2021/candidate.php?candidate_id=1884,2026-02-22 12:53:30.930200
N. THIYAGARAJAN,60,Male,DMK,MUSIRI (TIRUCHIRAPPALLI),tamilnadu2021,Won,0,0,0.0,0,,House Wife,0,0,24,,https://www.myneta.info/tamilnadu2021/candidate.php?candidate_id=1887,2026-02-22 12:53:34.157976
J. MOHAMED SHANAVAS,39,Male,Viduthalai Chiruthaigal Katchi,NAGAPATTINAM (NAGAPATTINAM),tamilnadu2021,Won,0,0,0.0,0,,House wife,0,0,1,,https://www.myneta.info/tamilnadu2021/candidate.php?candidate_id=1894,2026-02-22 12:53:37.375467
GANDHI M R,76,Male,BJP,NAGERCOIL (KANNIYAKUMARI),tamilnadu2021,Won,0,0,0.0,0,,No,0,0,0,,https://www.myneta.info/tamilnadu2021/candidate.php?candidate_id=1901,2026-02-22 12:53:40.751910
RAMALINGAM P,55,Male,DMK,NAMAKKAL (NAMAKKAL),tamilnadu2021,Won,0,0,0.0,0,,Agriculture and finance,0,0,0,,https://www.myneta.info/tamilnadu2021/candidate.php?candidate_id=1906,2026-02-22 12:53:44.609655
KAMARAJ R,60,Male,AIADMK,NANNILAM (THIRUVARUR),tamilnadu2021,Won,0,0,0.0,0,,Agriculturist,0,0,1,,https://www.myneta.info/tamilnadu2021/candidate.php?candidate_id=228,2026-02-22 12:53:47.845170
NATHAM.R.VISWANATHAN,71,Male,AIADMK,NATHAM (DINDIGUL),tamilnadu2021,Won,0,0,0.0,0,,"Tamarind, Coconut Seller & Agriculture Product",0,0,3,,https://www.myneta.info/tamilnadu2021/candidate.php?candidate_id=1915,2026-02-22 12:53:52.733626
SABA.RAJENDRAN,59,Male,DMK,NEYVELI (CUDDALORE),tamilnadu2021,Won,0,0,0.0,0,,House Wife,0,0,7,,https://www.myneta.info/tamilnadu2021/candidate.php?candidate_id=561,2026-02-22 12:53:57.468226
S.THENMOZHI,59,Male,AIADMK,NILAKKOTTAI (SC) (DINDIGUL),tamilnadu2021,Won,0,0,0.0,0,,Agriculture And Social Work,0,0,0,,https://www.myneta.info/tamilnadu2021/candidate.php?candidate_id=1918,2026-02-22 12:54:01.024200
SAKKARAPANI R,59,Male,DMK,ODDANCHATRAM (DINDIGUL),tamilnadu2021,Won,0,0,0.0,0,,Agriculture and Business,0,0,6,,https://www.myneta.info/tamilnadu2021/candidate.php?candidate_id=222,2026-02-22 12:54:04.317021
R.MANI,43,Male,AIADMK,OMALUR (SALEM),tamilnadu2021,Won,0,0,0.0,0,,Business,0,0,1,,https://www.myneta.info/tamilnadu2021/candidate.php?candidate_id=2655,2026-02-22 12:54:07.894254
"VAITHILINGAM, R.",66,Male,AIADMK,ORATHANADU (THANJAVUR),tamilnadu2021,Won,0,0,0.0,0,,Housewife,0,0,0,,https://www.myneta.info/tamilnadu2021/candidate.php?candidate_id=1926,2026-02-22 12:54:11.389298
SHUNMUGAIAH C,50,Male,DMK,OTTAPIDARAM (SC) (THOOTHUKUDI),tamilnadu2021,Won,0,0,0.0,0,,House wife,0,0,10,,https://www.myneta.info/tamilnadu2021/candidate.php?candidate_id=1928,2026-02-22 12:54:14.985674
"MANO THANGARAJ, T.",53,Male,DMK,PADMANABHAPURAM (KANNIYAKUMARI),tamilnadu2021,Won,0,0,0.0,0,,Living apart and living alone,0,0,29,,https://www.myneta.info/tamilnadu2021/candidate.php?candidate_id=216,2026-02-22 12:54:18.217853
ANBALAGAN.K.P.,62,Male,AIADMK,PALACODE (DHARMAPURI),tamilnadu2021,Won,0,0,0.0,0,,Business,0,0,0,,https://www.myneta.info/tamilnadu2021/candidate.php?candidate_id=214,2026-02-22 12:54:21.821500
SENTHIL KUMAR I.P,42,Male,DMK,PALANI (DINDIGUL),tamilnadu2021,Won,0,0,0.0,0,,"Business, Social worker, Managing Trustee of Mercy Foundation a Charitable Trust",0,0,14,,https://www.myneta.info/tamilnadu2021/candidate.php?candidate_id=213,2026-02-22 12:54:25.754912
ABDUL WAHAB .M,54,Male,DMK,PALAYAMKOTTAI (TIRUNELVELI),tamilnadu2021,Won,0,0,0.0,0,,Retail Business,0,0,26,,https://www.myneta.info/tamilnadu2021/candidate.php?candidate_id=1935,2026-02-22 12:54:29.335954
ANANDAN M S M,59,Male,AIADMK,PALLADAM (TIRUPPUR),tamilnadu2021,Won,0,0,0.0,0,,"Amma impex tirupur share holder, shri kubhera parivar, tirupur share holder",0,0,0,,https://www.myneta.info/tamilnadu2021/candidate.php?candidate_id=567,2026-02-22 12:54:32.610015
KARUNANITHI,62,Male,DMK,PALLAVARAM (CHENGALPATTU),tamilnadu2021,Won,0,0,0.0,0,,Business,0,0,12,,https://www.myneta.info/tamilnadu2021/candidate.php?candidate_id=209,2026-02-22 12:54:35.830440
VELMURUGAN.T,50,Male,DMK,PANRUTI (CUDDALORE),tamilnadu2021,Won,0,0,0.0,0,,Divorce,0,0,17,,https://www.myneta.info/tamilnadu2021/candidate.php?candidate_id=1584,2026-02-22 12:54:39.149577
"DR.JAWAHIRULLAH, M.H.",61,Male,DMK,PAPANASAM (THANJAVUR),tamilnadu2021,Won,0,0,0.0,0,,Home Maker,0,0,1,,https://www.myneta.info/tamilnadu2021/candidate.php?candidate_id=1940,2026-02-22 12:54:42.396039
GOVINDASAMY.A,49,Male,AIADMK,PAPPIREDDIPATTI (DHARMAPURI),tamilnadu2021,Won,0,0,0.0,0,,Housewife,0,0,0,,https://www.myneta.info/tamilnadu2021/candidate.php?candidate_id=205,2026-02-22 12:54:45.885661
MURUGESAN S,54,Male,DMK,PARAMAKUDI (SC) (RAMANATHAPURAM),tamilnadu2021,Won,0,0,0.0,0,,Contracter,0,0,0,,https://www.myneta.info/tamilnadu2021/candidate.php?candidate_id=1968,2026-02-22 12:54:49.397318
SEKAR S,50,Male,AIADMK,PARAMATHIVELUR (NAMAKKAL),tamilnadu2021,Won,0,0,0.0,0,,Govt. Teacher,0,0,0,,https://www.myneta.info/tamilnadu2021/candidate.php?candidate_id=573,2026-02-22 12:54:52.893105
"ANNADURAI, K.",63,Male,DMK,PATTUKKOTTAI (THANJAVUR),tamilnadu2021,Won,0,0,0.0,0,,Housewife,0,0,6,,https://www.myneta.info/tamilnadu2021/candidate.php?candidate_id=1973,2026-02-22 12:54:56.143249
MANI. G.K,69,Male,Pattali Makkal Katchi,PENNAGARAM (DHARMAPURI),tamilnadu2021,Won,0,0,0.0,0,,Died,0,0,8,,https://www.myneta.info/tamilnadu2021/candidate.php?candidate_id=202,2026-02-22 12:54:59.420461
"PRABHAHARAN, M.",46,Male,DMK,PERAMBALUR (SC) (PERAMBALUR),tamilnadu2021,Won,0,0,0.0,0,,Household,0,0,6,,https://www.myneta.info/tamilnadu2021/candidate.php?candidate_id=201,2026-02-22 12:55:02.657219
SHEKAR. R.D,54,Male,DMK,PERAMBUR (CHENNAI),tamilnadu2021,Won,0,0,0.0,0,,Business,0,0,10,,https://www.myneta.info/tamilnadu2021/candidate.php?candidate_id=580,2026-02-22 12:55:05.897006
"ASHOKKUMAR, N.",63,Male,DMK,PERAVURANI (THANJAVUR),tamilnadu2021,Won,0,0,0.0,0,,Housewife & Agriculture,0,0,0,,https://www.myneta.info/tamilnadu2021/candidate.php?candidate_id=1684,2026-02-22 12:55:09.131003
K.S.SARAVANAKUMAAR,49,Male,DMK,PERIYAKULAM (SC) (THENI),tamilnadu2021,Won,0,0,0.0,0,,Housewife,0,0,4,,https://www.myneta.info/tamilnadu2021/candidate.php?candidate_id=1978,2026-02-22 12:55:12.355553
"JAYAKUMAR, S.",41,Male,AIADMK,PERUNDURAI (ERODE),tamilnadu2021,Won,0,0,0.0,0,,Buisness,0,0,0,,https://www.myneta.info/tamilnadu2021/candidate.php?candidate_id=586,2026-02-22 12:55:15.637058
POLLACHI V. JAYARAMAN,67,Male,AIADMK,POLLACHI (COIMBATORE),tamilnadu2021,Won,0,0,0.0,0,,"J-Bagyalakshmi-Business, J.Jothilakshmi-Business",0,0,0,,https://www.myneta.info/tamilnadu2021/candidate.php?candidate_id=1983,2026-02-22 12:55:19.977221
AGRI KRISHNAMURTHY. S S,61,Male,AIADMK,POLUR (TIRUVANNAMALAI),tamilnadu2021,Won,0,0,0.0,0,,Agriculture & House wife,0,0,1,,https://www.myneta.info/tamilnadu2021/candidate.php?candidate_id=592,2026-02-22 12:55:23.319549
DURAI. CHANDRASEKAR,48,Male,INC,PONNERI (SC) (THIRUVALLUR),tamilnadu2021,Won,0,0,0.0,0,,Professor (Academic Work),0,0,1,,https://www.myneta.info/tamilnadu2021/candidate.php?candidate_id=1985,2026-02-22 12:55:26.555654
KRISHNASWAMY A,55,Male,DMK,POONAMALLEE (SC) (THIRUVALLUR),tamilnadu2021,Won,0,0,0.0,0,,Govt. Employee,0,0,8,,https://www.myneta.info/tamilnadu2021/candidate.php?candidate_id=599,2026-02-22 12:55:30.010455
V.MUTHURAJA,44,Male,DMK,PUDUKKOTTAI (PUDUKKOTTAI),tamilnadu2021,Won,0,0,0.0,0,,Medicine wholesale,0,0,0,,https://www.myneta.info/tamilnadu2021/candidate.php?candidate_id=1991,2026-02-22 12:55:33.227573
M.APPAVU,69,Male,DMK,RADHAPURAM (TIRUNELVELI),tamilnadu2021,Won,0,0,0.0,0,,Agriculture,0,0,7,,https://www.myneta.info/tamilnadu2021/candidate.php?candidate_id=1994,2026-02-22 12:55:36.796348
KATHARBATCHA MUTHURAMALINGAM,49,Male,DMK,RAMANATHAPURAM (RAMANATHAPURAM),tamilnadu2021,Won,0,0,0.0,0,,Agriculture,0,0,5,,https://www.myneta.info/tamilnadu2021/candidate.php?candidate_id=606,2026-02-22 12:55:40.306772
R.GANDHI,75,Male,DMK,RANIPET (RANIPET),tamilnadu2021,Won,0,0,0.0,0,,Business&Agriculture,0,0,3,,https://www.myneta.info/tamilnadu2021/candidate.php?candidate_id=189,2026-02-22 12:55:44.116699
MATHIVENTHAN M,36,Male,DMK,RASIPURAM(SC) (NAMAKKAL),tamilnadu2021,Won,0,0,0.0,0,,Doctor,0,0,0,,https://www.myneta.info/tamilnadu2021/candidate.php?candidate_id=1998,2026-02-22 12:55:47.414961
KARTHIKEYAN K,43,Male,DMK,RISHIVANDIYAM (KALLAKURICHI),tamilnadu2021,Won,0,0,0.0,0,,Business,0,0,34,,https://www.myneta.info/tamilnadu2021/candidate.php?candidate_id=611,2026-02-22 12:55:50.664955
MURTHY.R.IDREAM,54,Male,DMK,ROYAPURAM (CHENNAI),tamilnadu2021,Won,0,0,0.0,0,,Business,0,0,0,,https://www.myneta.info/tamilnadu2021/candidate.php?candidate_id=1554,2026-02-22 12:55:54.210571
R. RAJENDRAN,61,Male,DMK,SALEM NORTH (SALEM),tamilnadu2021,Won,0,0,0.0,0,,Self Employment,0,0,16,,https://www.myneta.info/tamilnadu2021/candidate.php?candidate_id=184,2026-02-22 12:55:57.524690
E.BALASUBRAMANIYAN,60,Male,AIADMK,SALEM SOUTH (SALEM),tamilnadu2021,Won,0,0,0.0,0,,Business,0,0,0,,https://www.myneta.info/tamilnadu2021/candidate.php?candidate_id=179,2026-02-22 12:56:00.833589
R ARUL,49,Male,Pattali Makkal Katchi,SALEM WEST (SALEM),tamilnadu2021,Won,0,0,0.0,0,,Business,0,0,7,,https://www.myneta.info/tamilnadu2021/candidate.php?candidate_id=177,2026-02-22 12:56:04.117468
RAJA E,35,Male,DMK,SANKARANKOVIL (SC) (TENKASI),tamilnadu2021,Won,0,0,0.0,0,,Tailoring,0,0,3,,https://www.myneta.info/tamilnadu2021/candidate.php?candidate_id=1628,2026-02-22 12:56:09.028570
UDHAYASURIYAN T,57,Male,DMK,SANKARAPURAM (KALLAKURICHI),tamilnadu2021,Won,0,0,0.0,0,,Business & Agriculturist,0,0,38,,https://www.myneta.info/tamilnadu2021/candidate.php?candidate_id=2011,2026-02-22 12:56:12.295387
SUNDARARAJAN,49,Male,AIADMK,SANKARI (SALEM),tamilnadu2021,Won,0,0,0.0,0,,Agriculture & Business,0,0,0,,https://www.myneta.info/tamilnadu2021/candidate.php?candidate_id=175,2026-02-22 12:56:15.530459
"RAGHURAMAN, A.R.R",49,Male,DMK,SATTUR (VIRUDHUNAGAR),tamilnadu2021,Won,0,0,0.0,0,,Doctor,0,0,0,,https://www.myneta.info/tamilnadu2021/candidate.php?candidate_id=2013,2026-02-22 12:56:18.758839
PONNUSAMY K,69,Male,DMK,SENTHAMANGALAM(ST) (NAMAKKAL),tamilnadu2021,Won,0,0,0.0,0,,Farmer,0,0,0,,https://www.myneta.info/tamilnadu2021/candidate.php?candidate_id=2014,2026-02-22 12:56:21.973947
VENKATESAN A,45,Male,DMK,SHOLAVANDAN (SC) (MADURAI),tamilnadu2021,Won,0,0,0.0,0,,Nurse GRH Hospital,0,0,0,,https://www.myneta.info/tamilnadu2021/candidate.php?candidate_id=2017,2026-02-22 12:56:25.273344
S.ARAVINDRAMESH,54,Male,DMK,SHOLINGANALLUR (CHENGALPATTU),tamilnadu2021,Won,0,0,0.0,0,,Business,0,0,22,,https://www.myneta.info/tamilnadu2021/candidate.php?candidate_id=2022,2026-02-22 12:56:28.851354
A.M.MUNIRATHINAM,65,Male,INC,SHOLINGHUR (RANIPET),tamilnadu2021,Won,0,0,0.0,0,,Bus and Lorry Transport,0,0,2,,https://www.myneta.info/tamilnadu2021/candidate.php?candidate_id=3695,2026-02-22 12:56:32.770782
"JAYARAM, K.R",47,Male,AIADMK,SINGANALLUR (COIMBATORE),tamilnadu2021,Won,0,0,0.0,0,,Real Estate,0,0,0,,https://www.myneta.info/tamilnadu2021/candidate.php?candidate_id=638,2026-02-22 12:56:36.587671
PANNEERSELVAM,66,Male,DMK,SIRKAZHI (SC) (NAGAPATTINAM),tamilnadu2021,Won,0,0,0.0,0,,Retired Teacher,0,0,11,,https://www.myneta.info/tamilnadu2021/candidate.php?candidate_id=2025,2026-02-22 12:56:39.852275
PR.SENTHILNATHAN,53,Male,AIADMK,SIVAGANGA (SIVAGANGA),tamilnadu2021,Won,0,0,0.0,0,,"Agriculture, Real Estate",0,0,1,,https://www.myneta.info/tamilnadu2021/candidate.php?candidate_id=646,2026-02-22 12:56:43.383599
ASHOKAN.G,62,Male,INC,SIVAKASI (VIRUDHUNAGAR),tamilnadu2021,Won,0,0,0.0,0,,Business,0,0,3,,https://www.myneta.info/tamilnadu2021/candidate.php?candidate_id=1941,2026-02-22 12:56:46.949953
SELVAPERUNTHAGAI,60,Male,INC,SRIPERUMBUDUR (SC) (KANCHEEPURAM),tamilnadu2021,Won,0,0,0.0,0,,Business,0,0,3,,https://www.myneta.info/tamilnadu2021/candidate.php?candidate_id=2028,2026-02-22 12:56:50.475965
PALANIYANDI.M,54,Male,DMK,SRIRANGAM (TIRUCHIRAPPALLI),tamilnadu2021,Won,0,0,0.0,0,,NIL,0,0,7,,https://www.myneta.info/tamilnadu2021/candidate.php?candidate_id=1651,2026-02-22 12:56:53.788724
AMIRTHARAJ .S,37,Male,INC,SRIVAIKUNTAM (THOOTHUKUDI),tamilnadu2021,Won,0,0,0.0,0,,CAO of M/s Rajam Hotels Pvt. Ltd.,0,0,0,,https://www.myneta.info/tamilnadu2021/candidate.php?candidate_id=2030,2026-02-22 12:56:57.078744
"MANRAJ, E.M.",43,Male,AIADMK,SRIVILLIPUTHUR (SC) (VIRUDHUNAGAR),tamilnadu2021,Won,0,0,0.0,0,,House wife & District Panchayat President,0,0,0,,https://www.myneta.info/tamilnadu2021/candidate.php?candidate_id=166,2026-02-22 12:57:00.288901
KANDASAMY V.P.,62,Male,AIADMK,SULUR (COIMBATORE),tamilnadu2021,Won,0,0,0.0,0,,"Panchayat President, Agriculture, Business",0,0,0,,https://www.myneta.info/tamilnadu2021/candidate.php?candidate_id=165,2026-02-22 12:57:05.854845
RAJA.S.R,64,Male,DMK,TAMBARAM (CHENGALPATTU),tamilnadu2021,Won,0,0,0.0,0,,Business,0,0,3,,https://www.myneta.info/tamilnadu2021/candidate.php?candidate_id=654,2026-02-22 12:57:10.010623
RAMACHANDRAN.T,53,Male,CPI,THALLY (KRISHNAGIRI),tamilnadu2021,Won,0,0,0.0,0,,House Wife,0,0,25,,https://www.myneta.info/tamilnadu2021/candidate.php?candidate_id=2037,2026-02-22 12:57:13.366063
"NEELAMEGAM, T.K.G.",57,Male,DMK,THANJAVUR (THANJAVUR),tamilnadu2021,Won,0,0,0.0,0,,Financial based industry,0,0,5,,https://www.myneta.info/tamilnadu2021/candidate.php?candidate_id=660,2026-02-22 12:57:16.850260
SIVAKUMAR.P,55,Male,DMK,THIRU-VI-KA-NAGAR (SC) (CHENNAI),tamilnadu2021,Won,0,0,0.0,0,,T.N. Govt. Employe,0,0,15,,https://www.myneta.info/tamilnadu2021/candidate.php?candidate_id=1556,2026-02-22 12:57:20.362313
UDHAYAKUMAR R B,47,Male,AIADMK,THIRUMANGALAM (MADURAI),tamilnadu2021,Won,0,0,0.0,0,,Textile design,0,0,0,,https://www.myneta.info/tamilnadu2021/candidate.php?candidate_id=162,2026-02-22 12:57:23.674939
S.REGUPATHY,70,Male,DMK,THIRUMAYAM (PUDUKKOTTAI),tamilnadu2021,Won,0,0,0.0,0,,"Executive Trustee, Karbhaka Vinayaka Education Trust , Chairman R.S. Research & medical Center (P) Ltd, Kodambakam, Chennai",0,0,23,,https://www.myneta.info/tamilnadu2021/candidate.php?candidate_id=2041,2026-02-22 12:57:27.191894
"RAJANCHELLAPPA, V.V.",70,Male,AIADMK,THIRUPARANKUNDRAM (MADURAI),tamilnadu2021,Won,0,0,0.0,0,,General Trading,0,0,0,,https://www.myneta.info/tamilnadu2021/candidate.php?candidate_id=668,2026-02-22 12:57:30.701171
S.S.BALAJI,51,Male,Viduthalai Chiruthaigal Katchi,THIRUPORUR (CHENGALPATTU),tamilnadu2021,Won,0,0,0.0,0,,Doctor,0,0,2,,https://www.myneta.info/tamilnadu2021/candidate.php?candidate_id=3846,2026-02-22 12:57:33.909193
MARIMUTHU K,50,Male,CPI,THIRUTHURAIPOONDI (SC) (THIRUVARUR),tamilnadu2021,Won,0,0,0.0,0,,Agriculture & House wife,0,0,3,,https://www.myneta.info/tamilnadu2021/candidate.php?candidate_id=1677,2026-02-22 12:57:37.115246
DURAI.CHANDRASEKARAN,61,Male,DMK,THIRUVAIYARU (THANJAVUR),tamilnadu2021,Won,0,0,0.0,0,,Housewife,0,0,10,,https://www.myneta.info/tamilnadu2021/candidate.php?candidate_id=158,2026-02-22 12:57:40.330916
KALAIVANAN POONDI K.,56,Male,DMK,THIRUVAUR (THIRUVARUR),tamilnadu2021,Won,0,0,0.0,0,,Farmer & Art Construction,0,0,49,,https://www.myneta.info/tamilnadu2021/candidate.php?candidate_id=671,2026-02-22 12:57:43.837816
ANBIL MAHESH POYYAMOZHI,43,Male,DMK,THIRUVERUMBUR (TIRUCHIRAPPALLI),tamilnadu2021,Won,0,0,0.0,0,,Business,0,0,9,,https://www.myneta.info/tamilnadu2021/candidate.php?candidate_id=2047,2026-02-22 12:57:47.061732
K.P.SHANKAR,47,Male,DMK,THIRUVOTTIYUR (THIRUVALLUR),tamilnadu2021,Won,0,0,0.0,0,,Housewife,0,0,2,,https://www.myneta.info/tamilnadu2021/candidate.php?candidate_id=2052,2026-02-22 12:57:50.302125
KARUNANITHI J,51,Male,DMK,THIYAGARAYANAGAR (CHENNAI),tamilnadu2021,Won,0,0,0.0,0,,Own Business,0,0,3,,https://www.myneta.info/tamilnadu2021/candidate.php?candidate_id=2054,2026-02-22 12:57:53.577954
S.P. VELUMANI,51,Male,AIADMK,THONDAMUTHUR (COIMBATORE),tamilnadu2021,Won,0,0,0.0,0,,Houreswife,0,0,0,,https://www.myneta.info/tamilnadu2021/candidate.php?candidate_id=152,2026-02-22 12:57:56.807096
P.GEETHA JEEVAN,50,Male,DMK,THOOTHUKUDI (THOOTHUKUDI),tamilnadu2021,Won,0,0,0.0,0,,Business,0,0,15,,https://www.myneta.info/tamilnadu2021/candidate.php?candidate_id=2058,2026-02-22 12:58:00.036425
EZHILAN N,41,Male,DMK,THOUSAND LIGHTS (CHENNAI),tamilnadu2021,Won,0,0,0.0,0,,Doctor,0,0,0,,https://www.myneta.info/tamilnadu2021/candidate.php?candidate_id=1563,2026-02-22 12:58:03.241433
S.STALINKUMAR,36,Male,DMK,THURAIYUR (SC) (TIRUCHIRAPPALLI),tamilnadu2021,Won,0,0,0.0,0,,House wife,0,0,13,,https://www.myneta.info/tamilnadu2021/candidate.php?candidate_id=689,2026-02-22 12:58:06.443621
ARJUNAN P,51,Male,AIADMK,TINDIVANAM (SC) (VILLUPPURAM),tamilnadu2021,Won,0,0,0.0,0,,Fish farm,0,0,0,,https://www.myneta.info/tamilnadu2021/candidate.php?candidate_id=692,2026-02-22 12:58:09.645331
ANITHA R. RADHAKRISHNAN,68,Male,DMK,TIRUCHENDUR (THOOTHUKUDI),tamilnadu2021,Won,0,0,0.0,0,,House Wife,0,0,16,,https://www.myneta.info/tamilnadu2021/candidate.php?candidate_id=1588,2026-02-22 12:58:12.931488
ESWARAN E R,60,Male,DMK,TIRUCHENGODU (NAMAKKAL),tamilnadu2021,Won,0,0,0.0,0,,Business Construction),0,0,5,,https://www.myneta.info/tamilnadu2021/candidate.php?candidate_id=149,2026-02-22 12:58:16.169775
"INIGO IRUDAYARAJ,S.",48,Male,DMK,TIRUCHIRAPPALLI EAST (TIRUCHIRAPPALLI),tamilnadu2021,Won,0,0,0.0,0,,Buisness,0,0,2,,https://www.myneta.info/tamilnadu2021/candidate.php?candidate_id=2062,2026-02-22 12:58:19.812661
"NEHRU, K.N.",68,Male,DMK,TIRUCHIRAPPALLI WEST (TIRUCHIRAPPALLI),tamilnadu2021,Won,0,0,0.0,0,,Housewife,0,0,10,,https://www.myneta.info/tamilnadu2021/candidate.php?candidate_id=2063,2026-02-22 12:58:23.176614
THANGAM THENARASU,54,Male,DMK,TIRUCHULI (VIRUDHUNAGAR),tamilnadu2021,Won,0,0,0.0,0,,Business and Agriculture,0,0,7,,https://www.myneta.info/tamilnadu2021/candidate.php?candidate_id=702,2026-02-22 12:58:26.761227
K.PONMUDY,70,Male,DMK,TIRUKKOYILUR (VILLUPPURAM),tamilnadu2021,Won,0,0,0.0,0,,BUSINESS,0,0,13,,https://www.myneta.info/tamilnadu2021/candidate.php?candidate_id=705,2026-02-22 12:58:30.432019
NAINAR NAGENTHRAN,60,Male,BJP,TIRUNELVELI (TIRUNELVELI),tamilnadu2021,Won,0,0,0.0,0,,Business,0,0,1,,https://www.myneta.info/tamilnadu2021/candidate.php?candidate_id=34,2026-02-22 12:58:34.035886
A. NALLATHAMBI,45,Male,DMK,TIRUPATTUR (TIRUPATHUR),tamilnadu2021,Won,0,0,0.0,0,,House wife,0,0,5,,https://www.myneta.info/tamilnadu2021/candidate.php?candidate_id=2070,2026-02-22 12:58:37.264941
KR.PERIYAKARUPPAN,62,Male,DMK,TIRUPPATHUR (SIVAGANGA),tamilnadu2021,Won,0,0,0.0,0,,"Gokul Blue Metals , Agriculture",0,0,18,,https://www.myneta.info/tamilnadu2021/candidate.php?candidate_id=2071,2026-02-22 12:58:42.022431
VIJEYAKUMAR.K.N,64,Male,AIADMK,TIRUPPUR NORTH (TIRUPPUR),tamilnadu2021,Won,0,0,0.0,0,,Sri Murugan Tax Partner,0,0,0,,https://www.myneta.info/tamilnadu2021/candidate.php?candidate_id=2075,2026-02-22 12:58:47.506438
SELVARAJ. K.,64,Male,DMK,TIRUPPUR SOUTH (TIRUPPUR),tamilnadu2021,Won,0,0,0.0,0,,Real Estate Agent,0,0,4,,https://www.myneta.info/tamilnadu2021/candidate.php?candidate_id=144,2026-02-22 12:58:51.952225
S.CHANDRAN,57,Male,DMK,TIRUTTANI (THIRUVALLUR),tamilnadu2021,Won,0,0,0.0,0,,Business,0,0,0,,https://www.myneta.info/tamilnadu2021/candidate.php?candidate_id=728,2026-02-22 12:58:55.289851
KARUMANICKAM,35,Male,INC,TIRUVADANAI (RAMANATHAPURAM),tamilnadu2021,Won,0,0,0.0,0,,Agriculture,0,0,0,,https://www.myneta.info/tamilnadu2021/candidate.php?candidate_id=2081,2026-02-22 12:58:58.604328
E V VELU,71,Male,DMK,TIRUVANNAMALAI (TIRUVANNAMALAI),tamilnadu2021,Won,0,0,0.0,0,,Agriculture,0,0,7,,https://www.myneta.info/tamilnadu2021/candidate.php?candidate_id=737,2026-02-22 12:59:02.118439
"GANESAN, C.V.",62,Male,DMK,TITTAKUDI (SC) (CUDDALORE),tamilnadu2021,Won,0,0,0.0,0,,Agriculture,0,0,0,,https://www.myneta.info/tamilnadu2021/candidate.php?candidate_id=738,2026-02-22 12:59:05.734605
"GANESH, R.",59,Male,INC,UDHAGAMANDALAM (THE NILGIRIS),tamilnadu2021,Won,0,0,0.0,0,,House wife,0,0,1,,https://www.myneta.info/tamilnadu2021/candidate.php?candidate_id=2086,2026-02-22 12:59:09.244999
"RADHAKRISHNAN,K.",55,Male,AIADMK,UDUMALAIPETTAI (TIRUPPUR),tamilnadu2021,Won,0,0,0.0,0,,Acriculture,0,0,1,,https://www.myneta.info/tamilnadu2021/candidate.php?candidate_id=743,2026-02-22 12:59:12.494048
MANIKANNAN A J,56,Male,DMK,ULUNDURPETTAI (KALLAKURICHI),tamilnadu2021,Won,0,0,0.0,0,,Agricultural Income & Rental Income,0,0,4,,https://www.myneta.info/tamilnadu2021/candidate.php?candidate_id=2089,2026-02-22 12:59:15.730905
AYYAPPAN P,56,Male,AIADMK,USILAMPATTI (MADURAI),tamilnadu2021,Won,0,0,0.0,0,,Government Nurse,0,0,1,,https://www.myneta.info/tamilnadu2021/candidate.php?candidate_id=746,2026-02-22 12:59:18.949984
T.M.TAMILSELVAM,47,Male,AIADMK,UTHANGARAI (SC) (KRISHNAGIRI),tamilnadu2021,Won,0,0,0.0,0,,Agriculture,0,0,0,,https://www.myneta.info/tamilnadu2021/candidate.php?candidate_id=140,2026-02-22 12:59:22.253234
SUNDAR K,66,Male,DMK,UTHIRAMERUR (KANCHEEPURAM),tamilnadu2021,Won,0,0,0.0,0,,Film Producer,0,0,3,,https://www.myneta.info/tamilnadu2021/candidate.php?candidate_id=749,2026-02-22 12:59:25.737394
AMULKANDASAMI T K,55,Male,AIADMK,VALPARAI (SC) (COIMBATORE),tamilnadu2021,Won,0,0,0.0,0,,Business,0,0,0,,https://www.myneta.info/tamilnadu2021/candidate.php?candidate_id=1566,2026-02-22 12:59:28.951682
G.SENDHIL KUMAR,36,Male,AIADMK,VANIYAMBADI (TIRUPATHUR),tamilnadu2021,Won,0,0,0.0,0,,"Housewife, Agriculture based work",0,0,1,,https://www.myneta.info/tamilnadu2021/candidate.php?candidate_id=139,2026-02-22 12:59:32.438746
CHAKRAPANI M,67,Male,AIADMK,VANUR (SC) (VILLUPPURAM),tamilnadu2021,Won,0,0,0.0,0,,House Wife And Business,0,0,0,,https://www.myneta.info/tamilnadu2021/candidate.php?candidate_id=137,2026-02-22 12:59:35.669411
"SADHAN THIRUMALAIKUMAR, DOCTOR.T",68,Male,DMK,VASUDEVANALLUR (SC) (TENKASI),tamilnadu2021,Won,0,0,0.0,0,,Doctor,0,0,1,,https://www.myneta.info/tamilnadu2021/candidate.php?candidate_id=1613,2026-02-22 12:59:39.220089
GANDHIRAJAN S,70,Male,DMK,VEDASANDUR (DINDIGUL),tamilnadu2021,Won,0,0,0.0,0,,Teacher (Retired),0,0,2,,https://www.myneta.info/tamilnadu2021/candidate.php?candidate_id=2099,2026-02-22 12:59:42.446435
O.S.MANIAN,66,Male,AIADMK,VEDHARANYAM (NAGAPATTINAM),tamilnadu2021,Won,0,0,0.0,0,,N/A,0,0,0,,https://www.myneta.info/tamilnadu2021/candidate.php?candidate_id=136,2026-02-22 12:59:45.674298
RAJAMUTHU M,52,Male,AIADMK,VEERAPANDI (SALEM),tamilnadu2021,Won,0,0,0.0,0,,Business,0,0,0,,https://www.myneta.info/tamilnadu2021/candidate.php?candidate_id=2100,2026-02-22 12:59:48.892033
JMH.AASSAN MAULAANA,36,Male,INC,VELACHERY (CHENNAI),tamilnadu2021,Won,0,0,0.0,0,,Employed,0,0,5,,https://www.myneta.info/tamilnadu2021/candidate.php?candidate_id=1726,2026-02-22 12:59:52.169105
KARTHIKEYAN .P,59,Male,DMK,VELLORE (VELLORE),tamilnadu2021,Won,0,0,0.0,0,,Partner of Baby Residency,0,0,4,,https://www.myneta.info/tamilnadu2021/candidate.php?candidate_id=752,2026-02-22 12:59:55.742501
K.P.MUNUSAMY,68,Male,AIADMK,VEPPANAHALLI (KRISHNAGIRI),tamilnadu2021,Won,0,0,0.0,0,,Agriculture,0,0,0,,https://www.myneta.info/tamilnadu2021/candidate.php?candidate_id=129,2026-02-22 12:59:58.960777
PUGAZHENTHI N,66,Male,DMK,VIKRAVANDI (VILLUPPURAM),tamilnadu2021,Won,0,0,0.0,0,,House Wife,0,0,4,,https://www.myneta.info/tamilnadu2021/candidate.php?candidate_id=327,2026-02-22 13:00:02.260221
MARKANDAYAN V,44,Male,DMK,VILATHIKULAM (THOOTHUKUDI),tamilnadu2021,Won,0,0,0.0,0,,Lawyer,0,0,5,,https://www.myneta.info/tamilnadu2021/candidate.php?candidate_id=754,2026-02-22 13:00:05.831353
VIJAYADHARANI S,51,Male,INC,VILAVANCODE (KANNIYAKUMARI),tamilnadu2021,Won,0,0,0.0,0,,No,0,0,8,,https://www.myneta.info/tamilnadu2021/candidate.php?candidate_id=2106,2026-02-22 13:00:09.080164
A . VETRIAZHAGAN,42,Male,DMK,VILLIVAKKAM (CHENNAI),tamilnadu2021,Won,0,0,0.0,0,,Not Applicable,0,0,0,,https://www.myneta.info/tamilnadu2021/candidate.php?candidate_id=1783,2026-02-22 13:00:12.657984
LAKSHMANAN R,49,Male,DMK,VILLUPURAM (VILLUPPURAM),tamilnadu2021,Won,0,0,0.0,0,,Private Tuition,0,0,2,,https://www.myneta.info/tamilnadu2021/candidate.php?candidate_id=315,2026-02-22 13:00:16.205373
VIJAYA BASKER C,47,Male,AIADMK,VIRALIMALAI (PUDUKKOTTAI),tamilnadu2021,Won,0,0,0.0,0,,"Prop.Of V Infrastructure, Rasi Enterprises & Anya Enterprises",0,0,1,,https://www.myneta.info/tamilnadu2021/candidate.php?candidate_id=2109,2026-02-22 13:00:19.775503
SEENIVASAN A.R.R,64,Male,DMK,VIRUDHUNAGAR (VIRUDHUNAGAR),tamilnadu2021,Won,0,0,0.0,0,,Housewife,0,0,3,,https://www.myneta.info/tamilnadu2021/candidate.php?candidate_id=314,2026-02-22 13:00:23.044791
AMV.PRABHAKARA RAJA,32,Male,DMK,VIRUGAMPAKKAM (CHENNAI),tamilnadu2021,Won,0,0,0.0,0,,House Wife,0,0,6,,https://www.myneta.info/tamilnadu2021/candidate.php?candidate_id=2112,2026-02-22 13:00:26.275700
RADHAKRISHNAN,53,Male,INC,VRIDHACHALAM (CUDDALORE),tamilnadu2021,Won,0,0,0.0,0,,House Wife,0,0,5,,https://www.myneta.info/tamilnadu2021/candidate.php?candidate_id=2115,2026-02-22 13:00:29.533691
G. CHITRA,40,Male,AIADMK,YERCAUD (ST) (SALEM),tamilnadu2021,Won,0,0,0.0,0,,Agriculture,0,0,0,,https://www.myneta.info/tamilnadu2021/candidate.php?candidate_id=310,2026-02-22 13:00:32.764654
